{
  "best_bid_scan_after_cancel": 18569.15380503733,
  "cancel_order": 1.3173163680927553e-11,
  "compression_new": 9.29754142603327,
  "compression_price_to_index_far": 0.5083038258774331,
  "compression_price_to_index_near": 1.5514194950573779,
  "crc32_compute_128b": 12.577072227249646,
  "e2e_us": {
    "n": 619,
    "p50": 11780.0,
    "p99": 233447.0,
    "ts": 1779449990
  },
  "event_buffer_drain_100": 6129.381936004008,
  "fill_record_decode": 19.11881305704371,
  "fill_record_encode": 23.287072354074336,
  "header_decode": 4.619998633328201,
  "header_encode": 3.2212466638952986,
  "heartbeat_decode": 10.100276158245165,
  "heartbeat_encode": 43.43226327676243,
  "insert_order_zone_3": 24.41550878397231,
  "insert_resting_order": 878.4769282889085,
  "match_10_fills_same_level": 4673.607397914448,
  "match_single_fill": 54.3771640899952,
  "match_smooshed_level_100": 6268.511521499331,
  "match_sweep_10_levels": 2737.1790802742494,
  "modify_order_price_change": 892.4783072230871,
  "modify_order_qty_down": 3.8355978656109786e-07,
  "nak_decode": 8.830187905071599,
  "nak_encode": 42.928150852632264,
  "price_to_index_bisection": 2.024001981192976,
  "recenter_10k_orders": 318096.6121128347,
  "recenter_lazy_per_access": 1.2783074131966172,
  "reorder_buf_insert_lookup": 27.752565376868798,
  "replay_100k_records": 120922659.71,
  "slab_alloc_bump": 0.000705376752776663,
  "slab_alloc_from_freelist": 0.7655876913199086,
  "slab_free": 6.998154333077934,
  "status_message_decode": 9.093854575510564,
  "status_message_encode": 43.0001145017625,
  "wal_append_in_memory": 34.34142854891641,
  "wal_flush_fsync_64kb": 23548.470068195573,
  "wal_read_sequential_10k": 12023157.648000002
}
